Transaction Date,Description,Amount,Balance
"Jun 22, 2026",Square deposit,283.06,8283.06
"Jun 24, 2026",Square deposit,232.63,8515.69
"Jun 25, 2026",Square deposit,296.24,8811.93
"Jun 26, 2026",Square deposit,171.09,8983.02
"Jun 30, 2026",Square deposit,160.44,9143.46
"Jul 1, 2026",Square deposit,90.31,9233.77
"Jul 1, 2026",Rent and supplies,-761.24,8472.53
"Jul 3, 2026",Square deposit,175.42,8647.95
"Jul 7, 2026",Square deposit,232.09,8880.04
"Jul 8, 2026",Square deposit,97.91,8977.95
"Jul 9, 2026",Square deposit,265.41,9243.36
"Jul 10, 2026",Square deposit,142.41,9385.77
"Jul 14, 2026",Square deposit,111.89,9497.66
"Jul 15, 2026",Square deposit,204.57,9702.23
"Jul 15, 2026",Rent and supplies,-711.07,8991.16
"Jul 16, 2026",Square deposit,277.87,9269.03
"Jul 17, 2026",Square deposit,187.83,9456.86
"Jul 20, 2026",Square deposit,91.82,9548.68
"Jul 21, 2026",Square deposit,318.19,9866.87
"Jul 22, 2026",Square deposit,223.84,10090.71
"Jul 23, 2026",Square deposit,296.78,10387.49
"Jul 24, 2026",Square deposit,215.58,10603.07
"Jul 27, 2026",Square deposit,330.12,10933.19
"Jul 28, 2026",Square deposit,258.37,11191.56
"Jul 29, 2026",Square deposit,332.05,11523.61
"Jul 30, 2026",Square deposit,335.81,11859.42
"Jul 31, 2026",Square deposit,250.60,12110.02
"Aug 1, 2026",Rent and supplies,-876.58,11233.44
"Aug 3, 2026",Square deposit,96.38,11329.82
"Aug 4, 2026",Square deposit,202.15,11531.97
"Aug 5, 2026",Square deposit,139.71,11671.68
"Aug 6, 2026",Square deposit,282.25,11953.93
"Aug 7, 2026",Square deposit,120.57,12074.50
"Aug 10, 2026",Square deposit,134.72,12209.22
"Aug 11, 2026",Square deposit,266.17,12475.39
"Aug 12, 2026",Square deposit,216.26,12691.65
"Aug 13, 2026",Square deposit,285.85,12977.50
"Aug 15, 2026",Rent and supplies,-895.49,12082.01
"Aug 17, 2026",Square deposit,119.42,12201.43
"Aug 18, 2026",Square deposit,111.81,12313.24
"Aug 19, 2026",Square deposit,329.00,12642.24
"Aug 20, 2026",Square deposit,294.88,12937.12
"Aug 21, 2026",Square deposit,297.56,13234.68
"Aug 24, 2026",Square deposit,307.06,13541.74
"Aug 25, 2026",Square deposit,280.42,13822.16
"Aug 26, 2026",Square deposit,236.21,14058.37
"Aug 27, 2026",Square deposit,177.29,14235.66
"Aug 28, 2026",Square deposit,218.12,14453.78
"Aug 31, 2026",Square deposit,156.96,14610.74
"Sep 1, 2026",Square deposit,199.29,14810.03
"Sep 1, 2026",Rent and supplies,-712.67,14097.36
"Sep 2, 2026",Square deposit,306.90,14404.26
"Sep 3, 2026",Square deposit,142.63,14546.89
"Sep 4, 2026",Square deposit,253.52,14800.41
"Sep 7, 2026",Square deposit,180.44,14980.85
"Sep 9, 2026",Square deposit,291.54,15272.39
"Sep 10, 2026",Square deposit,339.54,15611.93
"Sep 11, 2026",Square deposit,284.82,15896.75
"Sep 14, 2026",Square deposit,307.53,16204.28
"Sep 15, 2026",Rent and supplies,-619.60,15584.68
"Sep 17, 2026",Square deposit,283.20,15867.88
"Sep 18, 2026",Square deposit,299.62,16167.50
"Sep 21, 2026",Square deposit,336.66,16504.16
"Sep 23, 2026",Square deposit,224.07,16728.23
"Sep 24, 2026",Square deposit,341.39,17069.62
"Sep 25, 2026",Square deposit,276.87,17346.49
