Date,Time,Gross Sales,Discounts,Net Sales,Tips
06/23/2026,18:00,"$602.09",-$16.27,"$585.82",$24.35
06/24/2026,18:00,"$655.80",-$13.40,"$642.40",$41.94
06/25/2026,18:00,"$697.83",-$0.94,"$696.89",$46.02
06/26/2026,18:00,"$649.69",-$1.75,"$647.94",$25.44
06/27/2026,18:00,"$503.38",-$3.10,"$500.28",$33.39
06/30/2026,18:00,"$679.87",-$15.69,"$664.18",$76.86
07/01/2026,18:00,"$557.73",-$24.41,"$533.32",$22.79
07/02/2026,18:00,"$587.23",-$21.46,"$565.77",$37.38
07/03/2026,18:00,"$641.61",-$7.71,"$633.90",$68.97
07/04/2026,18:00,"$647.59",-$4.52,"$643.07",$54.90
07/07/2026,18:00,"$576.58",-$13.69,"$562.89",$23.77
07/08/2026,18:00,"$568.23",-$1.49,"$566.74",$32.36
07/09/2026,18:00,"$588.69",-$7.85,"$580.84",$55.13
07/10/2026,18:00,"$553.02",-$11.33,"$541.69",$37.99
07/11/2026,18:00,"$649.86",-$6.10,"$643.76",$54.47
07/14/2026,18:00,"$515.72",-$13.13,"$502.59",$72.51
07/15/2026,18:00,"$612.57",-$24.50,"$588.07",$27.08
07/16/2026,18:00,"$562.79",-$10.45,"$552.34",$65.43
07/17/2026,18:00,"$666.85",-$0.98,"$665.87",$60.09
07/18/2026,18:00,"$686.21",-$19.11,"$667.10",$54.38
07/21/2026,18:00,"$663.08",-$17.38,"$645.70",$55.66
07/22/2026,18:00,"$577.18",-$14.50,"$562.68",$47.37
07/23/2026,18:00,"$710.22",-$11.85,"$698.37",$59.85
07/24/2026,18:00,"$477.77",-$1.52,"$476.25",$62.09
07/25/2026,18:00,"$487.00",-$20.55,"$466.45",$37.08
07/28/2026,18:00,"$443.72",-$9.64,"$434.08",$60.12
07/29/2026,18:00,"$697.13",-$4.20,"$692.93",$27.03
07/30/2026,18:00,"$631.01",-$1.47,"$629.54",$66.09
07/31/2026,18:00,"$656.31",-$9.77,"$646.54",$72.29
08/01/2026,18:00,"$658.34",-$2.01,"$656.33",$46.95
08/04/2026,18:00,"$481.83",-$20.48,"$461.35",$71.84
08/05/2026,18:00,"$575.64",-$6.96,"$568.68",$44.92
08/06/2026,18:00,"$528.22",-$23.94,"$504.28",$29.06
08/07/2026,18:00,"$732.71",-$4.41,"$728.30",$33.92
08/08/2026,18:00,"$628.43",-$14.73,"$613.70",$35.76
08/11/2026,18:00,"$700.20",-$0.10,"$700.10",$45.14
08/12/2026,18:00,"$558.37",-$23.83,"$534.54",$61.43
08/13/2026,18:00,"$686.25",-$12.89,"$673.36",$57.06
08/14/2026,18:00,"$609.57",-$22.49,"$587.08",$66.80
08/15/2026,18:00,"$599.14",-$21.86,"$577.28",$67.87
08/18/2026,18:00,"$564.91",-$2.59,"$562.32",$58.06
08/19/2026,18:00,"$664.21",-$1.56,"$662.65",$24.04
08/20/2026,18:00,"$630.67",-$8.50,"$622.17",$23.15
08/21/2026,18:00,"$660.27",-$0.01,"$660.26",$29.08
08/22/2026,18:00,"$673.48",-$0.64,"$672.84",$72.46
08/25/2026,18:00,"$659.61",-$15.35,"$644.26",$28.91
08/26/2026,18:00,"$619.08",-$9.10,"$609.98",$27.37
08/27/2026,18:00,"$684.66",-$21.22,"$663.44",$79.59
08/28/2026,18:00,"$391.33",-$2.15,"$389.18",$26.13
08/29/2026,18:00,"$487.07",-$8.57,"$478.50",$35.89
09/01/2026,18:00,"$489.75",-$0.58,"$489.17",$77.06
09/02/2026,18:00,"$433.46",-$13.21,"$420.25",$28.80
09/03/2026,18:00,"$454.21",-$13.20,"$441.01",$78.71
09/04/2026,18:00,"$465.61",-$21.58,"$444.03",$61.77
09/05/2026,18:00,"$465.33",-$4.18,"$461.15",$66.32
09/08/2026,18:00,"$536.75",-$13.31,"$523.44",$66.74
09/09/2026,18:00,"$446.13",-$20.29,"$425.84",$79.10
09/10/2026,18:00,"$513.63",-$21.32,"$492.31",$68.36
09/11/2026,18:00,"$517.82",-$5.67,"$512.15",$51.06
09/12/2026,18:00,"$365.55",-$8.89,"$356.66",$21.74
09/15/2026,18:00,"$525.80",-$6.48,"$519.32",$61.55
09/16/2026,18:00,"$479.90",-$23.91,"$455.99",$46.83
09/17/2026,18:00,"$662.17",-$23.88,"$638.29",$41.88
09/18/2026,18:00,"$389.72",-$5.51,"$384.21",$33.61
09/19/2026,18:00,"$485.56",-$15.60,"$469.96",$74.02
09/22/2026,18:00,"$514.71",-$21.01,"$493.70",$48.77
09/23/2026,18:00,"$398.13",-$2.12,"$396.01",$59.64
09/24/2026,18:00,"$367.09",-$22.74,"$344.35",$66.94
09/25/2026,18:00,"$470.07",-$4.46,"$465.61",$67.35
09/26/2026,18:00,"$390.18",-$8.31,"$381.87",$68.05
